{
    "start_joint_axis": {
        "origin": [
            0.0,
            -5.5235012358779947e-33,
            -0.15597087795895903
        ],
        "direction": [
            1.0,
            0.0,
            0.0
        ]
    },
    "end_joint_axis": {
        "origin": [
            0.0,
            0.0,
            0.14462641458939002
        ],
        "direction": [
            0.0,
            0.0,
            1.0
        ]
    }
}