{
    "start_joint_axis": {
        "origin": [
            0.0,
            -1.4091827681937026e-18,
            -0.03749999999999999
        ],
        "direction": [
            0.0,
            1.2246467991473532e-16,
            -1.0
        ]
    },
    "end_joint_axis": {
        "origin": [
            0.0,
            0.0,
            0.06874004574211404
        ],
        "direction": [
            1.0,
            0.0,
            0.0
        ]
    }
}