{
    "start_joint_axis": {
        "origin": [
            0.0,
            2.1244235522607674e-33,
            -0.18124004574211403
        ],
        "direction": [
            1.0,
            0.0,
            0.0
        ]
    },
    "end_joint_axis": {
        "origin": [
            0.0,
            0.0,
            0.18097087795895903
        ],
        "direction": [
            1.0,
            0.0,
            0.0
        ]
    }
}