{
    "start_joint_axis": {
        "origin": [
            0.0,
            -1.2746541313564603e-33,
            -0.06370999361670829
        ],
        "direction": [
            1.0,
            0.0,
            0.0
        ]
    },
    "end_joint_axis": {
        "origin": [
            0.0,
            0.0,
            0.0524822277832289
        ],
        "direction": [
            0.0,
            0.0,
            1.0
        ]
    }
}