{
    "start_joint_axis": {
        "origin": [
            0.0,
            -3.3990776836172276e-33,
            -0.18899860537709542
        ],
        "direction": [
            1.0,
            0.0,
            0.0
        ]
    },
    "end_joint_axis": {
        "origin": [
            0.0,
            0.0,
            0.18717577871733634
        ],
        "direction": [
            1.0,
            0.0,
            0.0
        ]
    }
}