{
    "start_joint_axis": {
        "origin": [
            0.0,
            -1.4869967132822944e-18,
            -0.05
        ],
        "direction": [
            0.0,
            1.2246467991473532e-16,
            -1.0
        ]
    },
    "end_joint_axis": {
        "origin": [
            0.0,
            0.0,
            0.08434154616129859
        ],
        "direction": [
            1.0,
            0.0,
            0.0
        ]
    }
}