{
    "start_joint_axis": {
        "origin": [
            0.0,
            1.6995388418086138e-33,
            -0.16217577871733635
        ],
        "direction": [
            1.0,
            0.0,
            0.0
        ]
    },
    "end_joint_axis": {
        "origin": [
            0.0,
            0.0,
            0.14928449924202797
        ],
        "direction": [
            0.0,
            0.0,
            1.0
        ]
    }
}