{
    "start_joint_axis": {
        "origin": [
            0.0,
            1.6995388418086138e-33,
            -0.07184154616129859
        ],
        "direction": [
            1.0,
            0.0,
            0.0
        ]
    },
    "end_joint_axis": {
        "origin": [
            0.0,
            0.0,
            0.058082027969632244
        ],
        "direction": [
            0.0,
            0.0,
            1.0
        ]
    }
}