{
    "start_joint_axis": {
        "origin": [
            0.0,
            -1.3716262205633339e-18,
            -0.05
        ],
        "direction": [
            0.0,
            1.2246467991473532e-16,
            -1.0
        ]
    },
    "end_joint_axis": {
        "origin": [
            0.0,
            0.0,
            0.07977408043641583
        ],
        "direction": [
            1.0,
            0.0,
            0.0
        ]
    }
}