{
    "start_joint_axis": {
        "origin": [
            0.0,
            4.248847104521535e-33,
            -0.19113613958211068
        ],
        "direction": [
            1.0,
            0.0,
            0.0
        ]
    },
    "end_joint_axis": {
        "origin": [
            0.0,
            0.0,
            0.1871560043185065
        ],
        "direction": [
            1.0,
            0.0,
            0.0
        ]
    }
}