{
    "start_joint_axis": {
        "origin": [
            0.0,
            -6.798155367234455e-33,
            -0.174633502862112
        ],
        "direction": [
            1.0,
            0.0,
            0.0
        ]
    },
    "end_joint_axis": {
        "origin": [
            0.0,
            0.0,
            0.15511799563971285
        ],
        "direction": [
            0.0,
            0.0,
            1.0
        ]
    }
}