{
    "start_joint_axis": {
        "origin": [
            0.0,
            -1.6995388418086138e-33,
            -0.07906254329346998
        ],
        "direction": [
            1.0,
            0.0,
            0.0
        ]
    },
    "end_joint_axis": {
        "origin": [
            0.0,
            0.0,
            0.06298455669869862
        ],
        "direction": [
            0.0,
            0.0,
            1.0
        ]
    }
}