{
    "start_joint_axis": {
        "origin": [
            0.0,
            -6.798155367234455e-33,
            -0.162368525695898
        ],
        "direction": [
            1.0,
            0.0,
            0.0
        ]
    },
    "end_joint_axis": {
        "origin": [
            0.0,
            0.0,
            0.14894461478451035
        ],
        "direction": [
            0.0,
            0.0,
            1.0
        ]
    }
}