{
    "start_joint_axis": {
        "origin": [
            0.0,
            3.3990776836172276e-33,
            -0.1924822226604461
        ],
        "direction": [
            1.0,
            0.0,
            0.0
        ]
    },
    "end_joint_axis": {
        "origin": [
            0.0,
            0.0,
            0.18736852569589799
        ],
        "direction": [
            1.0,
            0.0,
            0.0
        ]
    }
}