{
    "start_joint_axis": {
        "origin": [
            0.0,
            -4.673731814973688e-33,
            -0.06867329613595533
        ],
        "direction": [
            1.0,
            0.0,
            0.0
        ]
    },
    "end_joint_axis": {
        "origin": [
            0.0,
            0.0,
            0.057756989935668204
        ],
        "direction": [
            0.0,
            0.0,
            1.0
        ]
    }
}