{
    "start_joint_axis": {
        "origin": [
            0.0,
            -5.098616525425841e-33,
            -0.1603780647966213
        ],
        "direction": [
            1.0,
            0.0,
            0.0
        ]
    },
    "end_joint_axis": {
        "origin": [
            0.0,
            0.0,
            0.1481837340847564
        ],
        "direction": [
            0.0,
            0.0,
            1.0
        ]
    }
}