{
    "start_joint_axis": {
        "origin": [
            0.0,
            -6.798155367234455e-33,
            -0.18676448458443415
        ],
        "direction": [
            1.0,
            0.0,
            0.0
        ]
    },
    "end_joint_axis": {
        "origin": [
            0.0,
            0.0,
            0.1853780647966213
        ],
        "direction": [
            1.0,
            0.0,
            0.0
        ]
    }
}