{
    "start_joint_axis": {
        "origin": [
            0.0,
            -1.5056085593277833e-18,
            -0.03749999999999999
        ],
        "direction": [
            0.0,
            1.2246467991473532e-16,
            -1.0
        ]
    },
    "end_joint_axis": {
        "origin": [
            0.0,
            0.0,
            0.07426448458443416
        ],
        "direction": [
            1.0,
            0.0,
            0.0
        ]
    }
}