{
    "start_joint_axis": {
        "origin": [
            0.0,
            3.3990776836172276e-33,
            -0.06961194667641304
        ],
        "direction": [
            1.0,
            0.0,
            0.0
        ]
    },
    "end_joint_axis": {
        "origin": [
            0.0,
            0.0,
            0.05665334757017338
        ],
        "direction": [
            0.0,
            0.0,
            1.0
        ]
    }
}