{
    "start_joint_axis": {
        "origin": [
            0.0,
            2.5493082627129206e-33,
            -0.1842396436042637
        ],
        "direction": [
            1.0,
            0.0,
            0.0
        ]
    },
    "end_joint_axis": {
        "origin": [
            0.0,
            0.0,
            0.18022396587778375
        ],
        "direction": [
            1.0,
            0.0,
            0.0
        ]
    }
}