{
    "start_joint_axis": {
        "origin": [
            0.0,
            2.1244235522607674e-33,
            -0.06124620926298021
        ],
        "direction": [
            1.0,
            0.0,
            0.0
        ]
    },
    "end_joint_axis": {
        "origin": [
            0.0,
            0.0,
            0.05231065684075598
        ],
        "direction": [
            0.0,
            0.0,
            1.0
        ]
    }
}