{
    "start_joint_axis": {
        "origin": [
            0.0,
            2.974192973165074e-33,
            -0.15522396587778375
        ],
        "direction": [
            1.0,
            0.0,
            0.0
        ]
    },
    "end_joint_axis": {
        "origin": [
            0.0,
            0.0,
            0.1435102344903745
        ],
        "direction": [
            0.0,
            0.0,
            1.0
        ]
    }
}