{
    "start_joint_axis": {
        "origin": [
            0.0,
            -1.133424971005204e-18,
            -0.05
        ],
        "direction": [
            0.0,
            1.2246467991473532e-16,
            -1.0
        ]
    },
    "end_joint_axis": {
        "origin": [
            0.0,
            0.0,
            0.07374620926298021
        ],
        "direction": [
            1.0,
            0.0,
            0.0
        ]
    }
}