{
    "start_joint_axis": {
        "origin": [
            0.0,
            -1.4884924006958402e-18,
            -0.037500000000000006
        ],
        "direction": [
            0.0,
            1.2246467991473532e-16,
            -1.0
        ]
    },
    "end_joint_axis": {
        "origin": [
            0.0,
            0.0,
            0.07173964360426369
        ],
        "direction": [
            1.0,
            0.0,
            0.0
        ]
    }
}