{
    "start_joint_axis": {
        "origin": [
            0.0,
            -1.1503956341717197e-18,
            -0.05
        ],
        "direction": [
            0.0,
            1.2246467991473532e-16,
            -1.0
        ]
    },
    "end_joint_axis": {
        "origin": [
            0.0,
            0.0,
            0.07780008944889312
        ],
        "direction": [
            1.0,
            0.0,
            0.0
        ]
    }
}