{
    "start_joint_axis": {
        "origin": [
            0.0,
            5.098616525425841e-33,
            -0.1815680265287167
        ],
        "direction": [
            1.0,
            0.0,
            0.0
        ]
    },
    "end_joint_axis": {
        "origin": [
            0.0,
            0.0,
            0.17992567723188865
        ],
        "direction": [
            1.0,
            0.0,
            0.0
        ]
    }
}