{
    "start_joint_axis": {
        "origin": [
            0.0,
            -8.497694209043069e-34,
            -0.15492567723188866
        ],
        "direction": [
            1.0,
            0.0,
            0.0
        ]
    },
    "end_joint_axis": {
        "origin": [
            0.0,
            0.0,
            0.14378738645252934
        ],
        "direction": [
            0.0,
            0.0,
            1.0
        ]
    }
}