{
    "start_joint_axis": {
        "origin": [
            0.0,
            -1.6995388418086138e-33,
            -0.06128801100994666
        ],
        "direction": [
            1.0,
            0.0,
            0.0
        ]
    },
    "end_joint_axis": {
        "origin": [
            0.0,
            0.0,
            0.052686309374020496
        ],
        "direction": [
            0.0,
            0.0,
            1.0
        ]
    }
}