{
    "start_joint_axis": {
        "origin": [
            0.0,
            5.098616525425841e-33,
            -0.17792355140192648
        ],
        "direction": [
            1.0,
            0.0,
            0.0
        ]
    },
    "end_joint_axis": {
        "origin": [
            0.0,
            0.0,
            0.17576227508792394
        ],
        "direction": [
            1.0,
            0.0,
            0.0
        ]
    }
}