{
    "start_joint_axis": {
        "origin": [
            0.0,
            1.6995388418086138e-33,
            -0.15873719716340462
        ],
        "direction": [
            1.0,
            0.0,
            0.0
        ]
    },
    "end_joint_axis": {
        "origin": [
            0.0,
            0.0,
            0.145574471069753
        ],
        "direction": [
            0.0,
            0.0,
            1.0
        ]
    }
}