{
    "start_joint_axis": {
        "origin": [
            0.0,
            5.098616525425841e-33,
            -0.18427689132436229
        ],
        "direction": [
            1.0,
            0.0,
            0.0
        ]
    },
    "end_joint_axis": {
        "origin": [
            0.0,
            0.0,
            0.18373719716340461
        ],
        "direction": [
            1.0,
            0.0,
            0.0
        ]
    }
}