{
    "start_joint_axis": {
        "origin": [
            0.0,
            -9.979024678737246e-19,
            -0.05
        ],
        "direction": [
            0.0,
            1.2246467991473532e-16,
            -1.0
        ]
    },
    "end_joint_axis": {
        "origin": [
            0.0,
            0.0,
            0.05
        ],
        "direction": [
            0.0,
            0.0,
            1.0
        ]
    }
}