{
    "start_joint_axis": {
        "origin": [
            0.0,
            -1.6995388418086138e-33,
            -0.07610719507871203
        ],
        "direction": [
            1.0,
            0.0,
            0.0
        ]
    },
    "end_joint_axis": {
        "origin": [
            0.0,
            0.0,
            0.058948431727798414
        ],
        "direction": [
            0.0,
            0.0,
            1.0
        ]
    }
}