{
    "start_joint_axis": {
        "origin": [
            0.0,
            -1.6995388418086138e-33,
            -0.20300438529589124
        ],
        "direction": [
            1.0,
            0.0,
            0.0
        ]
    },
    "end_joint_axis": {
        "origin": [
            0.0,
            0.0,
            0.19809017353466116
        ],
        "direction": [
            1.0,
            0.0,
            0.0
        ]
    }
}