{
    "start_joint_axis": {
        "origin": [
            0.0,
            -2.2624850956513986e-18,
            -0.0375
        ],
        "direction": [
            0.0,
            1.2246467991473532e-16,
            -1.0
        ]
    },
    "end_joint_axis": {
        "origin": [
            0.0,
            0.0,
            0.09050438529589125
        ],
        "direction": [
            1.0,
            0.0,
            0.0
        ]
    }
}