{
    "start_joint_axis": {
        "origin": [
            0.0,
            0.0,
            -0.17309017353466116
        ],
        "direction": [
            1.0,
            0.0,
            0.0
        ]
    },
    "end_joint_axis": {
        "origin": [
            0.0,
            0.0,
            0.15277282977208623
        ],
        "direction": [
            0.0,
            0.0,
            1.0
        ]
    }
}