{
    "start_joint_axis": {
        "origin": [
            0.0,
            -1.80176583937475e-18,
            -0.05
        ],
        "direction": [
            0.0,
            1.2246467991473532e-16,
            -1.0
        ]
    },
    "end_joint_axis": {
        "origin": [
            0.0,
            0.0,
            0.08767756959564073
        ],
        "direction": [
            1.0,
            0.0,
            0.0
        ]
    }
}