{
    "start_joint_axis": {
        "origin": [
            0.0,
            3.3990776836172276e-33,
            -0.20355121618093236
        ],
        "direction": [
            1.0,
            0.0,
            0.0
        ]
    },
    "end_joint_axis": {
        "origin": [
            0.0,
            0.0,
            0.19988541318863404
        ],
        "direction": [
            1.0,
            0.0,
            0.0
        ]
    }
}