{
    "start_joint_axis": {
        "origin": [
            0.0,
            -1.676403534009198e-18,
            -0.03749999999999999
        ],
        "direction": [
            0.0,
            1.2246467991473532e-16,
            -1.0
        ]
    },
    "end_joint_axis": {
        "origin": [
            0.0,
            0.0,
            0.07643333671468913
        ],
        "direction": [
            1.0,
            0.0,
            0.0
        ]
    }
}