{
    "start_joint_axis": {
        "origin": [
            0.0,
            -3.3990776836172276e-33,
            -0.06369623731160981
        ],
        "direction": [
            1.0,
            0.0,
            0.0
        ]
    },
    "end_joint_axis": {
        "origin": [
            0.0,
            0.0,
            0.053116227875469324
        ],
        "direction": [
            0.0,
            0.0,
            1.0
        ]
    }
}