{
    "start_joint_axis": {
        "origin": [
            0.0,
            -5.098616525425841e-33,
            -0.18893333671468912
        ],
        "direction": [
            1.0,
            0.0,
            0.0
        ]
    },
    "end_joint_axis": {
        "origin": [
            0.0,
            0.0,
            0.1845247091216455
        ],
        "direction": [
            1.0,
            0.0,
            0.0
        ]
    }
}