{
    "start_joint_axis": {
        "origin": [
            0.0,
            -9.562181741224589e-19,
            -0.049999999999999996
        ],
        "direction": [
            0.0,
            1.2246467991473532e-16,
            -1.0
        ]
    },
    "end_joint_axis": {
        "origin": [
            0.0,
            0.0,
            0.05
        ],
        "direction": [
            0.0,
            0.0,
            1.0
        ]
    }
}