{
    "start_joint_axis": {
        "origin": [
            0.0,
            5.098616525425841e-33,
            -0.1595247091216455
        ],
        "direction": [
            1.0,
            0.0,
            0.0
        ]
    },
    "end_joint_axis": {
        "origin": [
            0.0,
            0.0,
            0.14560718412287052
        ],
        "direction": [
            0.0,
            0.0,
            1.0
        ]
    }
}