{
    "start_joint_axis": {
        "origin": [
            0.0,
            -1.166677437945965e-18,
            -0.05
        ],
        "direction": [
            0.0,
            1.2246467991473532e-16,
            -1.0
        ]
    },
    "end_joint_axis": {
        "origin": [
            0.0,
            0.0,
            0.07787811244331595
        ],
        "direction": [
            1.0,
            0.0,
            0.0
        ]
    }
}