{
    "start_joint_axis": {
        "origin": [
            0.0,
            5.948385946330148e-33,
            -0.18561590295243302
        ],
        "direction": [
            1.0,
            0.0,
            0.0
        ]
    },
    "end_joint_axis": {
        "origin": [
            0.0,
            0.0,
            0.18285160505083628
        ],
        "direction": [
            1.0,
            0.0,
            0.0
        ]
    }
}