{
    "start_joint_axis": {
        "origin": [
            0.0,
            1.6995388418086138e-33,
            -0.06537811244331596
        ],
        "direction": [
            1.0,
            0.0,
            0.0
        ]
    },
    "end_joint_axis": {
        "origin": [
            0.0,
            0.0,
            0.05410284142632142
        ],
        "direction": [
            0.0,
            0.0,
            1.0
        ]
    }
}