{
    "start_joint_axis": {
        "origin": [
            0.0,
            5.948385946330148e-33,
            -0.15785160505083629
        ],
        "direction": [
            1.0,
            0.0,
            0.0
        ]
    },
    "end_joint_axis": {
        "origin": [
            0.0,
            0.0,
            0.14405328848706828
        ],
        "direction": [
            0.0,
            0.0,
            1.0
        ]
    }
}