{
    "start_joint_axis": {
        "origin": [
            0.0,
            -4.248847104521535e-33,
            -0.1904022833551089
        ],
        "direction": [
            1.0,
            0.0,
            0.0
        ]
    },
    "end_joint_axis": {
        "origin": [
            0.0,
            0.0,
            0.18838289770792346
        ],
        "direction": [
            1.0,
            0.0,
            0.0
        ]
    }
}