{
    "start_joint_axis": {
        "origin": [
            0.0,
            -5.098616525425841e-33,
            -0.07034667202067305
        ],
        "direction": [
            1.0,
            0.0,
            0.0
        ]
    },
    "end_joint_axis": {
        "origin": [
            0.0,
            0.0,
            0.058006744396009356
        ],
        "direction": [
            0.0,
            0.0,
            1.0
        ]
    }
}