{
    "start_joint_axis": {
        "origin": [
            0.0,
            -4.248847104521535e-33,
            -0.16338289770792347
        ],
        "direction": [
            1.0,
            0.0,
            0.0
        ]
    },
    "end_joint_axis": {
        "origin": [
            0.0,
            0.0,
            0.14980449924832395
        ],
        "direction": [
            0.0,
            0.0,
            1.0
        ]
    }
}