{
    "start_joint_axis": {
        "origin": [
            0.0,
            -1.7133059188524875e-18,
            -0.05
        ],
        "direction": [
            0.0,
            1.2246467991473532e-16,
            -1.0
        ]
    },
    "end_joint_axis": {
        "origin": [
            0.0,
            0.0,
            0.05
        ],
        "direction": [
            0.0,
            0.0,
            1.0
        ]
    }
}