{
    "start_joint_axis": {
        "origin": [
            0.0,
            -2.1260997717922847e-18,
            -0.037500000000000006
        ],
        "direction": [
            0.0,
            1.2246467991473532e-16,
            -1.0
        ]
    },
    "end_joint_axis": {
        "origin": [
            0.0,
            0.0,
            0.08716228295832121
        ],
        "direction": [
            1.0,
            0.0,
            0.0
        ]
    }
}