{
    "start_joint_axis": {
        "origin": [
            0.0,
            -1.6995388418086138e-33,
            -0.1713871323207794
        ],
        "direction": [
            1.0,
            0.0,
            0.0
        ]
    },
    "end_joint_axis": {
        "origin": [
            0.0,
            0.0,
            0.15405573369274475
        ],
        "direction": [
            0.0,
            0.0,
            1.0
        ]
    }
}