{
    "start_joint_axis": {
        "origin": [
            0.0,
            -5.098616525425841e-33,
            -0.1996622829583212
        ],
        "direction": [
            1.0,
            0.0,
            0.0
        ]
    },
    "end_joint_axis": {
        "origin": [
            0.0,
            0.0,
            0.1963871323207794
        ],
        "direction": [
            1.0,
            0.0,
            0.0
        ]
    }
}