{
    "start_joint_axis": {
        "origin": [
            0.0,
            1.6995388418086138e-33,
            -0.08106764016117887
        ],
        "direction": [
            1.0,
            0.0,
            0.0
        ]
    },
    "end_joint_axis": {
        "origin": [
            0.0,
            0.0,
            0.0654804090460263
        ],
        "direction": [
            0.0,
            0.0,
            1.0
        ]
    }
}